country,year,Government expenditure (% of GDP),Government revenue (% of GDP),Gross public debt (% of GDP),Interest on public debt (% of GDP),Primary balance (% of GDP),Primary expenditure (% of GDP),Real GDP growth rate (%),Real long-term bond yield (%)
Argentina,2005,24.425560125509,27.766183148702,80.28179898102,1.8111946054007,5.1518176285942,22.614365520108,8.8516599314404,0.25936872522823
Argentina,2006,26.616661819447,28.266732094466,70.792689563797,1.6359715997109,3.2860418747294,24.980690219736,8.0471515036577,1.5585647253484
Argentina,2007,29.550588170728,30.30756264311,62.132710768967,1.7926523627169,2.5496268350996,27.757935808011,9.0076508791651,7.8753522329394
Argentina,2008,30.762347750458,31.114320642373,53.813851619113,1.5126543287879,1.8646272207024,29.24969342167,4.0572331023783,14.680188049779
Argentina,2009,34.524435927076,32.694391520704,55.397080355144,1.3421306827975,-0.48791372357449,33.182305244279,-5.9185250803508,6.208103321848
Argentina,2010,33.358068627652,31.964613964095,43.454315478587,0.85500676369109,-0.53844789986601,32.503061863961,10.125398160637,3.4806065364868
Argentina,2011,34.901900537725,32.156252078187,38.934854420503,1.1582773620995,-1.5873710974387,33.743623175626,6.0039260354313,13.115798155125
Argentina,2012,36.821423141061,33.803367540918,40.436048010476,1.3222369855502,-1.695818614593,35.499186155511,-1.0263702699071,8.8176957631442
Argentina,2013,37.602933454981,34.349105027695,43.496069782894,0.61414405733244,-2.6396843699531,36.988789397648,2.4052708919329,14.069496825791
Argentina,2014,38.852931499041,34.600502413751,44.696850201948,0.75240254566912,-3.5000265396212,38.100528953372,-2.5125727540127,3.0446905005369
Argentina,2015,41.366330050238,35.365772019338,52.562643306271,1.5827299667358,-4.4178280641648,39.783600083502,2.7311447107298,18.579065195948
Argentina,2016,41.522020677075,34.8673516945,53.060179552391,1.8924699376064,-4.7621990449688,39.629550739469,-2.0803208927115,-2.1818882484531
Argentina,2017,41.121454021199,34.428112889621,57.027841921981,2.4649622444956,-4.2283788870827,38.656491776704,2.8184883322623,6.6058921377476
Argentina,2018,38.949208040045,33.508062809875,85.246310423482,3.2031591490306,-2.2379860811396,35.746048891014,-2.6174300306998,24.771575372277
Argentina,2019,38.129057624397,33.684299956878,89.839687814052,4.03820831893,-0.40654934858872,34.090849305467,-2.0008418421712,39.922648255183
Argentina,2020,42.479239774997,33.805168381982,103.81581439408,2.4338324480716,-6.2402389449427,40.045407326925,-9.9005191325312,7.777652036553
Argentina,2021,37.883365255393,33.550413326565,81.042754346083,1.8068976205467,-2.5260543082815,36.076467634846,10.44191318799,-0.064545075918531
Argentina,2022,37.714727056331,33.871044440259,84.462988413144,2.1124989803016,-1.73118363577,35.602228076029,5.2698550072284,8.7001529242731
Argentina,2023,37.834624737714,32.472907333609,155.4110343089,2.5476650358213,-2.8140523682838,35.286959701892,-1.6110036014678,36.331347542564
Australia,2005,33.934459686279,35.510288238525,10.859147946621,1.3818534612656,2.9576820135117,32.552606225014,2.9982948943044,2.5407544836116
Australia,2006,33.741989135742,35.025379180908,9.9377281346519,1.2959439754486,2.5793340206146,32.446045160294,2.6163727862393,2.3357831325301
Australia,2007,33.611923217773,35.121555328369,9.6654642573762,1.2546359300613,2.764268040657,32.357287287712,4.3747638629556,3.9739790575916
Australia,2008,36.076099395752,32.835948944092,11.741566939944,1.276017665863,-1.9641327857971,34.800081729889,2.5422772949876,-0.35782608695653
Australia,2009,36.968231201172,31.645999908447,16.622100814757,1.6082766056061,-3.7139546871185,35.359954595566,1.9490311440813,3.8798474945534
Australia,2010,37.157299041748,32.512699127197,20.348507000553,1.2430800199509,-3.4015198945999,35.914219021797,2.4134082978239,2.6467407010971
Australia,2011,36.306504428275,31.780803818314,24.039155699275,1.1829390884102,-3.3427615215502,35.123565339864,2.7814274351774,0.31412070759624
Australia,2012,36.506768580699,32.998405724353,27.51823984581,1.3239347804721,-2.1844280758736,35.182833800227,3.7925922648022,1.5836169141706
Australia,2013,36.359535959329,33.549968465111,30.461874637667,1.357592900509,-1.4519745937096,35.00194305882,2.2285712458511,1.7495049504951
Australia,2014,36.737247979188,33.819876738208,34.026510576357,1.4185326272105,-1.4988386137694,35.318715351977,2.5900560988541,0.27731577675766
Australia,2015,37.246209373076,34.460959743451,37.70940660761,1.4733909268822,-1.3118587027429,35.772818446193,2.3527570450591,1.3752015083667
Australia,2016,37.262786162141,34.840419112855,40.588091934509,1.4386032868064,-0.98376376247915,35.824182875335,2.7202309200061,1.4627124941942
Australia,2017,36.7356835987,35.019595403579,41.14901656972,1.3794421008092,-0.33664609431194,35.356241497891,2.4173572193263,0.64504471451502
Australia,2018,36.819169701599,35.562236008343,41.69569817145,1.3439359604275,0.087002267172132,35.475233741171,2.8279243609044,0.38654676258994
Australia,2019,38.863727908715,34.459373478234,46.659303740013,1.2808887214459,-3.1234657090353,37.582839187269,1.8259387388512,-0.20594618438465
Australia,2020,44.372144692359,35.653487629761,56.998858256344,1.2990685455946,-7.419588517003,43.073076146764,-2.1017072906901,0.057947882736159
Australia,2021,41.696101301077,35.342979975685,55.449864869643,1.2261232682598,-5.1269980571328,40.469978032817,5.4792874509286,-1.1275037658705
Australia,2022,37.561633741591,35.375087069249,50.263182929268,1.3059581164664,-0.8805885558759,36.255675625125,3.9150557984273,-2.5850303537785
Australia,2023,37.200193827823,36.34334641786,49.008847304379,1.5728981202982,0.71605071033445,35.627295707525,1.9588357200641,-1.6555507559395
Brazil,2005,41.870308971144,38.506738181335,66.968515660304,9.5187396500289,6.1551688602196,32.351569321115,3.2021352126608,8.8642186180568
Brazil,2006,42.562799640826,37.694360809552,64.59881948075,8.3127832147505,3.4443443834771,34.250016426075,3.9619026585319,8.141285548644
Brazil,2007,40.351754323671,37.691564114536,63.024659192247,7.2824650653371,4.6222748562026,33.069289258334,6.0698728454846,9.1196443308039
Brazil,2008,39.91557928005,37.522607942242,61.420077771324,6.9334425822579,4.54047124445,32.982136697792,5.0943422678595,8.4348017154667
Brazil,2009,40.536594018831,36.30613534158,64.701584396704,6.1236008540799,1.8931421768286,34.412993164751,-0.12587305973491,7.8404134143548
Brazil,2010,39.515876696012,35.962131640256,62.433201865446,7.0826398796879,3.5288948239315,32.433236816324,7.5283189699174,7.2982983080492
Brazil,2011,39.367254065288,36.625927556274,60.63370963952,7.6456352322301,4.9043087232158,31.721618833058,3.9743331526267,5.5292031772843
Brazil,2012,39.309805083286,36.958479029047,61.614254833442,6.9445059410827,4.5931798868442,32.365299142203,1.9211503178734,4.7509922029124
Brazil,2013,39.780840680514,36.358708015986,59.594681891083,6.9612762040073,3.5391435394786,32.819564476507,3.0048653550051,4.3097975520221
Brazil,2014,41.426431560962,35.151499902332,61.617149151601,7.5136850000182,1.2387533413878,33.912746560944,0.50396178994222,5.8570064143003
Brazil,2015,46.191296462774,36.909919403847,71.729676542303,11.924321466877,2.6429444079506,34.266974995896,-3.5457906979001,4.4848915037799
Brazil,2016,45.503295770696,37.512681701361,77.422190765151,9.9529949918348,1.9623809225003,35.550300778861,-3.2759242334041,4.0790741964055
Brazil,2017,44.297331350885,36.327660016821,82.744952688191,8.995351785788,1.0256804517233,35.301979565097,1.3228831918415,6.7571512868719
Brazil,2018,44.180659472654,37.190521294663,84.777045690181,8.8289254888011,1.8387873108093,35.351733983853,1.7837082617144,6.8193985102725
Brazil,2019,43.042876399213,38.184350196019,87.118480811905,7.201917713153,2.343391509959,35.84095868606,1.2207802469468,4.2158680647259
Brazil,2020,46.178421990398,34.541533904004,96.006838854726,5.7922891399089,-5.8445989464851,40.386132850489,-3.2766913696714,3.7819840746241
Brazil,2021,40.370988751029,37.740239873289,88.934272465397,6.8150052850262,4.1842564072853,33.555983466003,4.7625384750776,1.114984643686
Brazil,2022,43.445330898146,39.48063525235,83.938835101959,8.0426531852342,4.0779575394382,35.402677712912,3.0166737011191,2.956846961017
Brazil,2023,45.449195033351,37.802461827766,84.675486603512,8.2015194242095,0.55478621862478,37.247675609141,2.9084466592521,6.8950450934013
Canada,2005,38.520600173046,40.073720270964,70.640409682116,4.4145639741416,5.9676840720601,34.106036198904,3.2042004290828,1.853947965602
Canada,2006,38.660794705881,40.488399068825,69.919831832602,4.1966345138727,6.0242388768171,34.464160192008,2.6343038124252,2.2063079379914
Canada,2007,38.519048135182,40.338703942102,67.181352648002,3.9261286169843,5.7457844239035,34.592919518198,2.0718250462801,2.1316160073319
Canada,2008,38.775383348994,38.959808477883,70.355350290065,3.6855454994777,3.8699706283671,35.089837849516,1.004289186512,1.2355626588901
Canada,2009,43.420749503288,39.539397734664,81.804123120864,3.6861036546018,-0.19524811402284,39.734645848687,-2.9259556113943,2.9313665303246
Canada,2010,43.063945336509,38.326386754763,83.976211969883,3.6007365934235,-1.136821988322,39.463208743085,3.0899194542341,1.4589617924064
Canada,2011,41.575242818322,38.266510264855,84.286296484398,3.5664460619493,0.25771350848302,38.008796756372,3.1371944118002,-0.12796842205627
Canada,2012,40.926203521123,38.401686513963,87.150948363097,3.4186715090458,0.8941545018857,37.507532012077,1.755661313688,0.35848843542116
Canada,2013,39.960741165579,38.466035167883,87.605079676824,3.3081928897772,1.8134868920808,36.652548275802,2.3258135613525,1.3233747688512
Canada,2014,38.370483102394,38.545379262499,85.540513850834,3.1046198853275,3.2795160454319,35.265863217067,2.873466777531,0.32253075948849
Canada,2015,40.018418028969,39.956572437967,92.028851897645,3.0708772578539,3.0090316668517,36.947540771116,0.64997100430585,0.39559197238999
Canada,2016,40.753233096441,40.300068870693,92.396823555258,2.968400940986,2.5152367152382,37.784832155455,1.0385509186728,-0.17625954701052
Canada,2017,40.455405647187,40.342962692016,90.942245803944,2.8437276498021,2.7312846946312,37.611677997385,3.0338349153396,0.18561587147029
Canada,2018,40.66235029689,41.022241604884,90.776119069185,2.9410804343207,3.3009717423149,37.721269862569,2.7429634394558,0.010940994185931
Canada,2019,40.589644630382,40.572355280578,90.210165013877,2.9581645280461,2.9408751782424,37.631480102336,1.9084319151316,-0.36176902411596
Canada,2020,52.362344614589,41.41327711845,118.20036414779,2.9303404101819,-8.0187270859575,49.432004204407,-5.0382334159665,0.035500367692121
Canada,2021,45.438065601085,42.519058464763,113.48329024843,2.6496520034976,-0.26935513282436,42.788413597587,5.2869568812649,-2.0351931852753
Canada,2022,41.034390707816,41.14298246643,107.36799525395,2.7372943199223,2.8458860785365,38.297096387893,3.8198663214686,-4.0336344867499
Canada,2023,42.491476899458,41.918786780723,107.49465793496,3.1990498385279,2.6263597197923,39.292427060931,1.2489273217936,-0.58358608704049
China,2005,18.26693419142,16.865450430557,26.31166052304,0.43430708099323,-0.96717667987038,17.832627110427,11.389381848438,2.1832174087439
China,2006,18.338882002747,17.195185113729,25.567919605307,0.44417168362669,-0.69952520539101,17.89471031912,12.710044221748,1.5502631987769
China,2007,18.151001019382,18.209940150586,29.164340446695,0.38924299845733,0.44818212966073,17.761758020925,14.246805248086,-0.88556300373524
China,2008,22.525212030914,22.500438520465,27.158797609572,0.41031848815055,0.38554497770185,22.114893542763,9.5923180648872,-2.1968175598244
China,2009,25.654472951078,23.903664337744,34.567022834095,0.42895982591999,-1.321848787414,25.225513125158,9.4455886392354,4.1583029778412
China,2010,25.094364207381,24.732385605059,33.924285542771,0.45146037331819,0.089481770995885,24.642903834063,10.610924780801,0.36250662063599
China,2011,27.119069777895,27.020972044522,33.771605504578,0.49246729418655,0.39436956081336,26.626602483709,9.5508734074987,-1.5005136189262
China,2012,28.158728752168,27.857013613481,34.393062352996,0.48896936397486,0.18725422528856,27.669759388193,7.8476717071934,0.88864439132788
China,2013,28.564438045948,27.728282677144,37.035285298533,0.51249069859219,-0.32366467021181,28.051947347356,7.7706211019417,1.2224264448817
China,2014,28.890074518935,28.207049769161,39.969241127482,0.55474616238809,-0.12827858738681,28.335328356547,7.391322227482,2.2000634076724
China,2015,31.552172398153,29.008644438779,41.488823753819,0.51273259742664,-2.0307953619482,31.039439800727,7.0183866257567,1.9538820449756
China,2016,32.316197079203,28.924285140747,50.700901426907,0.68030463856155,-2.7116072998947,31.635892440641,6.8487680307576,0.8789762642526
China,2017,32.635163521307,29.231691741537,54.950620481766,0.75671899013317,-2.6467527896371,31.878444531174,6.947196219852,2.0042631634771
China,2018,33.276941773824,28.993449247562,56.65926946323,0.80835641712422,-3.4751361091384,32.4685853567,6.7491388481502,1.5615966758721
China,2019,34.152609326374,28.050729001889,60.403606474547,0.85217103644046,-5.2497092880444,33.300438289933,5.9511325399365,0.29198498926298
China,2020,35.402734695804,25.684616429451,70.155069163573,0.95674225960818,-8.761376006745,34.445992436196,2.2420980854426,0.47431236420815
China,2021,32.686188054118,26.641146047186,71.852265350435,0.91219817841512,-5.1328438285174,31.773989875703,8.449471781649,2.1356904312986
China,2022,33.481415219902,25.974120889261,77.39288956313,0.94411008664658,-6.5631842439946,32.537305133256,2.9503853259183,0.81041335765088
China,2023,33.171358050208,26.225890713684,84.380851547773,0.94031701616878,-6.0051503203549,32.231041034039,5.2496834502255,2.5147596954481
France,2005,53.569400787354,50.603500366211,66.666000366211,2.7015600204468,-0.2643404006958,50.867840766907,1.7476465198079,1.522093381188
France,2006,52.975799560547,50.599700927734,63.95240020752,2.5956099033356,0.21951127052307,50.380189657211,2.6539063237501,1.9028839077468
France,2007,52.608798980713,49.858200073242,64.212898254395,2.7045300006866,-0.046068906784058,49.904268980026,2.3809184259069,2.6952092317588
France,2008,53.280899047852,49.937999725342,68.208396911621,2.9281599521637,-0.41473937034607,50.352739095688,0.14462632275927,1.0748232219656
France,2009,56.737701416016,49.163799285889,79.013397216797,2.4378700256348,-5.1360321044922,54.299831390381,-2.7828778739602,3.547748228896
France,2010,56.627101898193,49.544101715088,82.324501037598,2.442519903183,-4.6404802799225,54.18458199501,1.7994412175793,1.3780508510025
France,2011,57.008710849549,51.709325405004,87.675866975149,2.7156241983453,-2.5837612462,54.293086651204,2.4847303361827,1.0340814820066
France,2012,57.889552537558,52.721005302432,90.624516649292,2.6289489902489,-2.5395982448773,55.260603547309,0.22209053486364,0.32006436432857
France,2013,58.589328564314,53.653638641131,93.272249135992,2.3298018442221,-2.6058880789604,56.259526720092,0.91560663216072,1.2144775477775
France,2014,58.391639075038,53.820283201307,94.714618757293,2.196186806814,-2.3751690669177,56.195452268224,1.0195273211242,1.0530045513288
France,2015,57.595114386196,53.707900692377,95.452806893062,2.0305241841336,-1.8566895096851,55.564590202062,0.98608941840603,0.7559657801892
France,2016,57.3792050341,53.61648950923,98.059027188137,1.8997956375495,-1.8629198873206,55.479409396551,0.72197074793528,0.16121733314133
France,2017,57.665093876504,54.300179649785,98.368839293078,1.7890797192105,-1.5758345075078,55.876014157293,2.2939577232251,-0.35576290207496
France,2018,56.369230560215,54.04755869902,98.11226549793,1.7704277429848,-0.55124411821016,54.59880281723,1.5852142607254,-1.3157782154048
France,2019,55.344795899362,52.953108020822,97.643827190696,1.5171406052199,-0.87454727332013,53.827655294142,2.0753037993028,-1.1671976590248
France,2020,61.69670910625,52.766478193278,114.62828412148,1.2811244217686,-7.6491064912029,60.415584684481,-7.5937862532038,-0.67251023096085
France,2021,59.463291365343,52.879619728384,112.58314055808,1.3875033790492,-5.1961682579097,58.075787986294,6.8302893246789,-2.0609894881854
France,2022,58.397211756266,53.662375467673,111.09290944798,1.9168234206448,-2.8180128679482,56.480388335621,2.6191470744361,-4.2023026402005
France,2023,56.989393985024,51.534851751401,109.87597676491,1.8707118448301,-3.5838303887928,55.118682140194,1.1195093338372,-2.6675285133871
Germany,2005,46.909301757812,43.577098846436,66.460091756926,2.8421099185944,-0.49009299278259,44.067191839218,0.72610325863783,1.4300955836067
Germany,2006,45.347301483154,43.694599151611,65.754024845642,2.8583800792694,1.2056777477264,42.488921403885,3.8135189609123,2.0085893060295
Germany,2007,43.51490020752,43.743000030518,63.08144063063,2.8210799694061,3.0491797924042,40.693820238113,2.9819796674863,2.0042325380856
Germany,2008,44.0452003479,43.988998413086,64.586203700843,2.7625501155853,2.7063481807709,41.282650232315,0.95938986795916,1.3373102866779
Germany,2009,48.098098754883,44.892799377441,71.715680576543,2.6881399154663,-0.5171594619751,45.409958839417,-5.6959902854702,3.0204959883297
Germany,2010,47.874298095703,43.59460067749,80.375526555201,2.498379945755,-1.7813174724579,45.375918149948,4.185273497011,1.656309686221
Germany,2011,45.274709677889,44.434986407357,77.849232661647,2.4739701798887,1.6342469093569,42.800739498,3.7635768245631,0.18420579240871
Germany,2012,45.083417250516,45.029103193138,79.157292938815,2.2920103700212,2.2376963126433,42.791406880495,0.46931926833688,-0.592364402317
Germany,2013,45.150804944058,45.273290365782,76.794662537318,1.8101475963282,1.9326330180519,43.34065734773,0.38595509112397,-0.0065292096219529
Germany,2014,44.497700298476,45.229048931887,73.823031854132,1.5927736108831,2.3241222442942,42.904926687592,2.1720609329545,0.43890744342034
Germany,2015,44.50579294476,45.420964788618,70.559882034579,1.3907280475751,2.305899891433,43.115064897185,1.6555889772948,-0.10464423561
Germany,2016,44.718611061572,45.852395568363,67.630651010134,1.1854410517786,2.3192255585697,43.533170009793,2.2893226587761,-0.21669722476835
Germany,2017,44.56628571257,45.904308173552,63.952376234949,1.0353605855105,2.373383046492,43.53092512706,2.7134054769674,-1.3355669960426
Germany,2018,44.688717711075,46.57346122123,60.728535497052,0.92642948532991,2.8111729954854,43.762288225745,1.1163097049672,-1.5016764641846
Germany,2019,45.563498619472,46.891690807043,58.556132032771,0.79357715113384,2.1217693387046,44.769921468338,0.99280106917038,-1.5286243492187
Germany,2020,51.129805601776,46.748685362446,67.858169885379,0.64905699758234,-3.7320632417484,50.480748604194,-4.0998053933834,-0.83809072230156
Germany,2021,50.709160442382,47.542092121225,67.878829091028,0.59116650255953,-2.5759018185973,50.117993939823,3.6703550918531,-3.5473067096585
Germany,2022,49.001985406629,46.85534352593,64.789357208796,0.70490787460324,-1.4417340060954,48.297077532026,1.3673961310239,-7.5065208464592
Germany,2023,48.380021741468,45.811135931956,62.660080515106,0.87364862443406,-1.6952371850772,47.506373117034,-0.2639970869287,-3.5949042321296
India,2005,26.876347487562,19.383784721362,82.377825890042,5.613070016767,-1.8794927494336,21.263277470795,9.2847162891977,3.1249803588094
India,2006,26.909660534524,20.529410313,77.941103663538,5.4233858173331,-0.95686440419028,21.48627471719,9.2641198451136,1.2394034482629
India,2007,26.944679565432,22.358216328547,75.455096650921,5.2807706597314,0.69430742284624,21.663908905701,9.8013942952196,1.4327930689938
India,2008,29.293117343562,20.122135052547,74.367659211302,5.1361553457922,-4.0348269452228,24.156961997769,3.890894976417,-2.0475437504009
India,2009,28.543001471787,18.842115415124,72.769814001926,4.9911237259303,-4.7097623307327,23.551877745857,8.4798532724988,-4.4894133730212
India,2010,27.985310178703,19.190382174532,67.701786780877,4.5566894623988,-4.2382385417717,23.428620716304,10.259974743522,-2.5060469073149
India,2011,27.640581685902,19.291430039845,68.647828516093,4.5777539309985,-3.7713977150588,23.062827754904,5.2412651603857,0.44867682279093
India,2012,27.363855024281,19.814295339606,67.984531684904,4.5677280091231,-2.9818316755513,22.796127015158,5.4564101859705,-2.0389290754804
India,2013,26.599948101753,19.600329905497,67.713352890278,4.7551113987423,-2.2445067975132,21.84483670301,6.386071016887,-0.50551688311653
India,2014,26.220442077132,19.149373514192,67.102041059827,4.6879942669049,-2.3830742960356,21.532447810227,7.4101885756787,2.0845087266251
India,2015,27.058974489303,19.853890285052,69.048587042646,4.705607662576,-2.4994765416751,22.353366826727,7.9962612809862,3.186752475109
India,2016,27.232843544593,20.112833830093,68.94309137139,4.7067342270202,-2.4132754874791,22.526109317572,8.2563070111324,2.6477038497524
India,2017,26.231662594119,20.004426900113,69.669382586151,4.8102434341874,-1.4169922598191,21.421419159932,6.7953939612567,3.8333141185498
India,2018,26.327665031804,19.951849572899,70.392344440794,4.7694889222934,-1.606326536611,21.55817610951,6.4538387685266,4.1744197530867
India,2019,26.845837549413,19.151764829068,75.040396296632,4.7541898685757,-2.9398828517693,22.091647680837,3.8714606182703,
India,2020,31.019246231257,18.15482744622,88.426607962688,5.6944126805043,-7.1700061045325,25.324833550753,-5.7777144807164,
India,2021,29.705921991406,20.438265503827,83.486537886815,5.2782944180291,-3.98936206955,24.427627573377,9.6896137020651,
India,2022,29.14505051086,19.950325653733,81.683465742309,5.0269354889581,-4.167789368169,24.118115021902,6.9870222376072,
India,2023,29.115080610512,20.795063800578,83.020485964203,5.4108437932845,-2.9091730166498,23.704236817228,8.152914830852,
Indonesia,2005,17.397795496962,17.859578092103,42.611727208196,2.1608051292476,2.6225877243885,15.236990367715,5.6925749694469,3.1591347108572
Indonesia,2006,18.416572790042,18.867516191851,35.84773408699,2.1774941170928,2.6284375189018,16.239078672949,5.5009509994687,-2.9258633246882
Indonesia,2007,18.734886075426,17.782203540012,38.120939512557,1.8572095397808,0.90452700436652,16.877676535645,6.3450217316217,3.6978127817306
Indonesia,2008,19.394001295323,19.448114296579,30.252037460226,1.6331004575941,1.6872134588498,17.760900837729,7.4417731502149,2.0209191053727
Indonesia,2009,17.026653036951,15.382277681895,26.483125740783,1.560076721216,-0.084298633840072,15.466576315735,4.7017685170506,5.2571817729552
Indonesia,2010,16.886546918898,15.644106600895,26.3631251556,1.2876095564653,0.04516923846289,15.598937362432,6.3776256856567,2.4651955866317
Indonesia,2011,17.713702201453,17.010163778596,23.106017753941,1.1908230701636,0.48728464730679,16.522879131289,6.1697842077101,0.68167986298217
Indonesia,2012,18.835804386345,17.24934557499,22.95466377706,1.1666601843181,-0.41979862703763,17.669144202027,6.0300506530561,1.2119235672883
Indonesia,2013,19.081188670233,16.864417379831,24.884377277754,1.1840970437203,-1.0326742466821,17.897091626513,5.5572636889101,2.0418545171379
Indonesia,2014,18.364756111034,16.560216584279,24.645273175213,1.2624855302257,-0.54205399652919,17.102270580808,5.006668425755,1.3968084656575
Indonesia,2015,17.602161837744,14.878240284716,27.013303953882,1.3535072579845,-1.3704142950438,16.24865457976,4.8763223002212,2.6325991178847
Indonesia,2016,16.920493461859,14.359530286443,27.955460877893,1.4736757891848,-1.0872873862307,15.446817672674,5.0330691828018,4.4430689768435
Indonesia,2017,16.44362274639,14.179647057578,29.395537140701,1.5936039562303,-0.67037173258222,14.85001879016,5.0697859013492,2.5118556556914
Indonesia,2018,16.611101867299,14.921042437789,30.422723353629,1.7383669358806,0.048307506370509,14.872734931419,5.1742915395503,4.7337858036541
Indonesia,2019,16.35879139945,14.268167253694,30.563454692874,1.7402079886516,-0.35041615710432,14.618583410798,5.0192876804628,4.2409674338182
Indonesia,2020,18.426700381365,12.35184104965,39.747125572444,2.0338078002386,-4.041051531477,16.392892581127,-2.0655118293416,3.8545434483503
Indonesia,2021,18.123703681973,13.718851593715,41.14030738531,2.0233281111948,-2.381523977063,16.100375570778,3.7028856282775,4.8210974792879
Indonesia,2022,17.36132260655,15.170107576441,40.14136873897,1.9723250300174,-0.21889000009135,15.388997576532,5.3074193477576,2.8013567529571
Indonesia,2023,16.652771357036,15.039480993571,39.601240300051,2.1054665360308,0.49217617256532,14.547304821005,5.0481057706729,2.7675
Italy,2005,47.915699005127,43.423400878906,106.17559651865,4.6744599342346,0.18216180801392,43.241239070892,0.81784878384447,1.347946572068
Italy,2006,48.450099945068,45.039001464844,106.25307078053,4.6105499267578,1.1994514465332,43.839550018311,1.7905874742899,1.8171173036093
Italy,2007,47.630298614502,46.040699005127,103.4537964154,4.9468598365784,3.3572602272034,42.683438777924,1.4870903618136,2.46232788162
Italy,2008,48.602100372314,45.927700042725,105.78767769167,5.1244201660156,2.4500198364258,43.477680206299,-0.96202966030643,1.1889669211196
Italy,2009,51.614498138428,46.257400512695,116.12127455956,4.5352001190186,-0.82189750671387,47.079298019409,-5.2809386935465,3.5459075849775
Italy,2010,50.275501251221,45.762298583984,118.73712563599,4.3956098556519,-0.11759281158447,45.879891395569,1.7133379179123,2.4162890017385
Italy,2011,49.039135686712,45.502249961083,119.10572946647,4.6197511467018,1.0828654210727,44.41938454001,0.6953498001597,2.4874830722132
Italy,2012,50.492406450123,47.495405410867,125.87049780789,5.1186264429092,2.1216254036532,45.373780007214,-3.1252454167067,2.177494576627
Italy,2013,50.919283866519,48.026105589349,131.81630112838,4.790033936526,1.8968556593567,46.129249929993,-1.8179249016642,3.0807308441283
Italy,2014,50.738964135925,47.898642374613,134.75534440063,4.5506033177433,1.7102815564309,46.188360818182,-0.0017201647459116,2.6590137982941
Italy,2015,50.272624135819,47.784647073642,134.74556583712,4.0952840744097,1.607307012233,46.177340061409,0.88578540346298,1.6054567968184
Italy,2016,49.011822699395,46.575253276523,134.19550976739,3.8864279446475,1.4498585217755,45.125394754748,1.2358498769777,1.5364208336806
Italy,2017,48.816963543583,46.27404852066,133.68902959827,3.745097432264,1.2021824093405,45.071866111319,1.603430532888,0.78722663220182
Italy,2018,48.366693967185,46.12868894509,134.13801424727,3.6206562924696,1.3826512703742,44.746037674716,0.82641659773415,1.3677395216154
Italy,2019,48.45546201998,46.973698870386,133.82274050797,3.3376809176156,1.8559177680208,45.117781102365,0.4291123402954,1.3175082906608
Italy,2020,56.783783589579,47.404988706668,154.288047032,3.4206939830372,-5.9581008998737,53.363089606542,-8.8683550092304,1.3136340562152
Italy,2021,56.029227552879,47.175534651681,145.73468880461,3.4189268106299,-5.4347660905678,52.610300742249,8.9310735491721,-1.1303597225593
Italy,2022,54.908202327928,46.817538825921,138.34913409996,4.0982847242565,-3.9923787777502,50.809917603671,4.6618717849208,-5.579265234468
Italy,2023,53.799013157895,46.621616541353,134.79373120301,3.6940789473684,-3.4833176691729,50.104934210526,0.69764791338514,-1.6201358727382
Japan,2005,33.519525061801,29.081044761881,174.59469731967,2.2307515498137,-2.207728750106,31.288773511987,1.8039207576165,1.6797772793925
Japan,2006,33.056698597941,30.027886455561,174.14256249694,2.2060458523289,-0.82276629005135,30.850652745613,1.3723303265528,1.4891480502393
Japan,2007,33.122763112488,30.221719001405,172.95109402006,2.2639188387071,-0.63712527237618,30.858844273781,1.4839694115203,1.6339656254446
Japan,2008,34.107272161657,29.997586315736,180.85069297747,2.3240520795008,-1.7856337664198,31.783220082156,-1.2242890006326,0.11029840544131
Japan,2009,38.685602087048,28.992638275793,198.8068212125,2.3607584297359,-7.3322053815182,36.324843657312,-5.6932171367028,2.6831165811803
Japan,2010,37.74491593585,28.669105292538,205.87928801936,2.2712769513853,-6.8045336919269,35.473638984465,4.097896701508,1.9266982061695
Japan,2011,38.626633081984,29.641108937801,219.1616225985,2.3086587770807,-6.6768653671029,36.317974304904,0.023809523809524,1.4022496598916
Japan,2012,38.638024786872,30.441544885595,226.09283268322,2.2691261454627,-5.927353755815,36.36889864141,1.3747509991355,0.90664840670666
Japan,2013,38.778192909542,31.166819932982,229.45072209469,2.2035161743469,-5.4078568022133,36.574676735196,2.005100176803,0.3841388008682
Japan,2014,38.38896276506,32.772910988219,233.28113064659,2.1499732754369,-3.4660785014044,36.238989489623,0.29618658353906,-2.2040510056717
Japan,2015,37.295226086756,33.617436422044,228.27837133972,2.0409365681323,-1.6368530965793,35.254289518624,1.5606458659825,-0.43906897300046
Japan,2016,37.22927611384,33.629666587431,232.42123018286,1.9647677310391,-1.6348417953702,35.264508382801,0.75384533040738,0.072629964570649
Japan,2017,36.686079414472,33.587266057103,231.32076597484,1.8315484574369,-1.2672648999318,34.854530957035,1.675312997164,-0.43640162341788
Japan,2018,36.73870672822,34.26729887586,232.38030067005,1.7421803096886,-0.7292275426715,34.996526418532,0.64340916512463,-0.92054132145969
Japan,2019,37.293696896762,34.249053029794,236.37803097233,1.6724175849585,-1.3722262820102,35.621279311804,-0.40218715402117,-0.564717714861
Japan,2020,44.516711609476,35.461340783117,258.37350143278,1.6500916892616,-7.4052791370981,42.866619920215,-4.1682216198274,0.031782149369127
Japan,2021,42.440180869304,36.342368120954,253.65265674388,1.5490531695878,-4.5487595787623,40.891127699716,2.7071158035484,0.29754626848335
Japan,2022,41.834730272555,37.459530578745,256.29705550438,1.486280494589,-2.8889191992211,40.348449777967,1.1581556887813,-2.2657090082464
Japan,2023,41.164957698888,36.94953255485,249.66895670188,1.2028719897113,-3.012553154327,39.962085709177,1.6790172198831,-2.6982965346557
Mexico,2005,21.155929105491,19.722058427041,36.840512983172,2.7027073853229,1.268836706873,18.453221720168,2.1132466163534,5.4294330185383
Mexico,2006,21.576567750338,20.350678961623,35.776544137644,2.5885324022177,1.3626436135031,18.98803534812,4.805015856214,4.7588675326557
Mexico,2007,22.521006436932,21.062675747678,35.529023140812,2.4799204921037,1.0215898028497,20.041085944828,2.0778621271995,3.8264808732731
Mexico,2008,26.501976452119,25.820675950474,40.604768679942,3.4183962745434,2.7370957728988,23.083580177575,0.94333239317526,3.1875189948622
Mexico,2009,26.516525110828,22.58119800155,41.66674758552,3.4156858532448,-0.51964125603261,23.100839257583,-6.2952505267723,2.6663945101223
Mexico,2010,26.482124915185,22.678321304363,40.155215619372,2.9776414368058,-0.82616217401593,23.504483478379,4.971334716188,2.9332716211661
Mexico,2011,26.622071775808,23.417944098221,41.16678077705,2.8076674356504,-0.39646024193694,23.814404340158,3.4440449591698,3.2604
Mexico,2012,26.999657482155,23.433699335958,40.814554004171,2.9522180332609,-0.61374011293579,24.047439448894,3.5532109416029,1.4868246122801
Mexico,2013,26.668510277414,23.109448342333,44.066478810668,2.914337779298,-0.64472415578243,23.754172498116,0.85210139517421,1.8711106026641
Mexico,2014,26.949416556816,22.578121514272,47.092789656158,2.9195871842476,-1.4517078582964,24.029829372568,2.5037634374002,1.9955456466044
Mexico,2015,26.557374742627,22.698584163421,50.972958413344,2.9171483266036,-0.94164225260226,23.640226416024,2.7023235204256,3.2706094108595
Mexico,2016,26.522520976859,23.841111996318,55.003310291127,3.2183449140823,0.53693593354141,23.304176062776,1.7724931803662,3.3720425949337
Mexico,2017,25.018180292492,23.98413208744,52.521184101527,3.9313675008637,2.8973192958111,21.086812791629,1.8717285674045,1.206878657315
Mexico,2018,24.969736297205,22.831150160331,52.201770415418,4.0070061378446,1.868420000971,20.96273015936,1.9720821564082,3.0306468619285
Mexico,2019,25.241837074562,22.97775260296,51.858891831012,4.0763173891641,1.8122329175626,21.165519685398,-0.39269065354839,4.0323717304129
Mexico,2020,27.788595178368,23.497611330547,58.504846668148,4.2540463374008,-0.03693751042071,23.534548840968,-8.3540345809964,2.8527420745483
Mexico,2021,26.754974822254,22.998296258892,56.894555347087,3.9964779409691,0.23979937760708,22.758496881285,6.0484835597441,1.0741245863386
Mexico,2022,28.578510946055,24.307135637761,54.169118629678,5.3662210448665,1.0948457365724,23.212289901189,3.6891111086793,
Mexico,2023,28.671539964682,24.360356039701,53.097479701073,6.2248816703874,1.9136977454064,22.446658294294,3.19998119684,
Russia,2005,29.457866624947,37.054826270157,14.850629915479,0.89660921054336,8.4935688557539,28.561257414403,6.3965863363834,-4.767761123492
Russia,2006,29.039753936001,36.843292967961,9.8039011725154,0.69085646299586,8.4943954949561,28.348897473005,8.1652271604964,-2.9233697046239
Russia,2007,31.941518078499,37.526885047181,8.032695583435,0.53531096115952,6.120677929842,31.406207117339,8.5503107186244,-2.4750664768876
Russia,2008,32.01041163986,36.559901839835,7.4462446796387,0.4255716510162,4.9750618509908,31.584839988844,5.2470871187562,-6.490277282939
Russia,2009,38.596139270911,32.707229201572,9.9181917529899,0.56829988148194,-5.3206101878572,38.027839389429,-7.8209339280617,-0.36740519202162
Russia,2010,35.504830677792,32.310954381343,10.105264289346,0.52542805074331,-2.6684482457051,34.979402627048,4.5123422270082,0.85686646876865
Russia,2011,33.261211090405,34.693029931455,10.340154014337,0.54687590715739,1.9786947482074,32.714335183248,3.9947084565639,-0.1935067857211
Russia,2012,34.028698474482,34.411038980907,11.167431358265,0.56720926905179,0.94954977547689,33.461489205431,4.0240864597923,3.0074816538992
Russia,2013,34.651868906956,33.489691046317,12.348062027437,0.60381771399484,-0.55836014664356,34.048051192961,1.755422283357,0.66276424499437
Russia,2014,34.938190923968,33.868235133437,15.135824219955,0.66468335280225,-0.40527243772866,34.273507571165,0.7362669460156,1.6171449927825
Russia,2015,35.273452548113,31.8870271111,15.286419896131,0.7954697608636,-2.5909556761496,34.47798278725,-1.9727192844461,-4.3875171419871
Russia,2016,36.586209665931,32.916128235905,14.849323079762,0.91026265841459,-2.7598187716121,35.675947007517,0.19367118563659,1.8267655698773
Russia,2017,34.830171493155,33.361245602692,14.311071628082,0.883662542473,-0.5852633479892,33.946508950682,1.8267054693331,4.1611683969903
Russia,2018,32.620977270935,35.544301898,13.619616408466,0.85820105180445,3.7815256788699,31.76277621913,2.8063409635822,5.147379652624
Russia,2019,33.752262028844,35.681876854742,13.747518115699,0.76212592163813,2.6917407475359,32.990136107206,2.1980757803642,3.1152669865912
Russia,2020,39.152565736893,35.163816166035,19.156128578899,0.91508162832034,-3.0736679425378,38.237484108573,-2.6536550938874,2.8917396445954
Russia,2021,34.669885834664,35.440146543605,16.397000789722,0.87835939300815,1.648620101949,33.791526441656,5.8667209836161,0.64889103919712
Russia,2022,35.558132060746,34.199504794335,18.509511874358,0.79514321327326,-0.56348405313824,34.762988847473,-1.2470265887662,-3.8826493607899
Russia,2023,36.528725844442,34.257386562076,19.545899201171,0.78274371377407,-1.4885955685917,35.745982130667,3.6492988241688,5.409757451677
Saudi Arabia,2005,28.150751155781,46.137702413936,37.342476660952,2.1425611608993,20.129512419055,26.008189994881,5.5739270658496,
Saudi Arabia,2006,27.269017465207,48.091877247622,25.830822987307,1.9618247924891,22.784684574904,25.307192672718,2.7883769389725,
Saudi Arabia,2007,29.452896663391,41.236493057605,17.115422612373,1.352939516098,13.136535910312,28.099957147293,1.8471578857444,
Saudi Arabia,2008,26.679656358023,56.481558434629,12.055993162456,0.91625548034668,30.718157556953,25.763400877676,6.2497378789718,
Saudi Arabia,2009,37.065732324001,31.682282891797,13.989038708807,0.86879947200856,-4.5146499601955,36.196932851993,-2.0592148931595,
Saudi Arabia,2010,33.0115697581,37.403200865115,8.4259863679758,0.55168154251589,4.943312649531,32.459888215584,5.0394910024998,
Saudi Arabia,2011,32.580838273795,44.042695992443,5.3401519125429,0.30961057878182,11.77146829743,32.271227695013,10.993744133222,
Saudi Arabia,2012,32.96977758688,44.808255833348,3.0122907212819,0.21952338227767,12.058001628746,32.750254204602,5.4089345786188,
Saudi Arabia,2013,35.18702394171,40.771548264568,2.1272671834421,0.16296479189357,5.7474891147513,35.024059149817,2.5347582131103,
Saudi Arabia,2014,39.676294328733,36.181686756376,1.5409917725649,0.12272277592797,-3.3718847964291,39.553571552805,3.8114479774843,
Saudi Arabia,2015,39.883102104027,24.404606608786,5.6680423187272,0.10388091614364,-15.374614579097,39.779221187883,4.5090530342457,
Saudi Arabia,2016,34.454924706677,20.798767114004,12.675880951304,0.19810218142229,-13.458055411251,34.256822525254,1.8844876513688,
Saudi Arabia,2017,32.067122949961,23.179668726543,16.531709898707,0.33566696466434,-8.5517872587534,31.731455985296,0.91103851436395,
Saudi Arabia,2018,33.979706358639,28.525912301961,17.638924631673,0.47248722630784,-4.9813068303699,33.507219132331,3.1992294569531,
Saudi Arabia,2019,33.676586472506,29.47400924373,21.559502617249,0.66780766376075,-3.5347695650156,33.008778808746,1.0977453224552,
Saudi Arabia,2020,39.067636045102,28.387709316312,31.000607587042,0.88820951532168,-9.7917172134677,38.17942652978,-3.581542395964,
Saudi Arabia,2021,31.693271105983,29.452726544475,28.616009252194,0.83533475469077,-1.4052098068172,30.857936351293,5.0751182386799,
Saudi Arabia,2022,28.24800590213,30.772881377766,23.933217485096,0.72922677906437,3.2541022547002,27.518779123066,7.4859717029119,
Saudi Arabia,2023,32.303134683091,30.282145207803,26.227477153994,0.94393939204708,-1.077050083241,31.359195291044,-0.75489426644872,
South Africa,2005,25.140367446924,25.038860754125,29.637125748503,2.9490187806206,2.8475120878211,22.191348666304,5.2770450177323,2.6754966329967
South Africa,2006,24.666602109065,25.479904858983,28.030116728567,2.6874531613137,3.5007559112314,21.979148947752,5.6038119135489,2.4762812160693
South Africa,2007,24.428555844052,25.643871061455,24.325986267238,2.4103733362993,3.6256885537026,22.018182507753,5.3604653777197,2.0138110289828
South Africa,2008,26.008531641721,25.52059204257,24.044821033293,2.228528838875,1.7405892397243,23.780002802846,3.1910370014021,0.59216594045032
South Africa,2009,28.45742680718,23.790093386501,26.994637876853,2.2034962954003,-2.4638371252793,26.25393051178,-1.5380860372302,1.357598800763
South Africa,2010,28.340470018306,23.826319032154,31.185362806088,2.3599771188573,-2.1541738672947,25.980492899449,3.0397461787307,2.2538312480928
South Africa,2011,28.079520925084,24.375246045071,34.742040013261,2.4078077780751,-1.2964671019377,25.671713147009,3.1685524341676,0.67982064421681
South Africa,2012,28.618683260315,24.579208967356,37.407879407299,2.5345806951258,-1.5048935978334,26.084102565189,2.3962159311601,1.6322521266211
South Africa,2013,28.910083590186,25.005887856544,40.355903677554,2.7271765279371,-1.177019205705,26.182907062249,2.4854738691629,2.4981837381204
South Africa,2014,29.321059653467,25.394725247491,43.253384900794,2.8644576618224,-1.0618767441536,26.456601991644,1.4138281208779,1.885893146923
South Africa,2015,30.164090181614,25.790097206931,45.195466062311,3.0353500282617,-1.3386429464205,27.128740153352,1.3218757778268,5.1517647058823
South Africa,2016,29.90856691322,26.183574200385,47.134049296625,3.193879520165,-0.53111319267053,26.714687393055,0.66454140693762,2.5870416197975
South Africa,2017,29.859959395163,25.844125310855,48.588207887415,3.3244476027222,-0.69138648158557,26.535511792441,1.1579555032829,3.44125251243
South Africa,2018,30.152285501233,26.420025415076,51.536268526754,3.4914465203125,-0.24081356584458,26.66083898092,1.5567667517752,4.1078617363344
South Africa,2019,31.393811424573,26.321708278363,56.101331026574,3.7069451469952,-1.3651579992147,27.686866277578,0.25994234634496,4.5993583709538
South Africa,2020,34.615743747316,24.994359249017,68.927079363481,4.2097700747033,-5.4116144235962,30.405973672613,-6.1689254476819,5.4450922509224
South Africa,2021,32.542153296585,27.018169650432,68.671757325505,4.2954252989343,-1.2285583472186,28.246727997651,4.9550513101432,4.1643948191157
South Africa,2022,31.879800106678,27.623908997455,70.832465006882,4.5953591493012,0.33946804007797,27.284440957377,1.9114686345817,1.8511405382312
South Africa,2023,32.620839319258,26.777852852869,73.362829376396,5.0107673896086,-0.83221907678017,27.610071929649,0.69849792404843,2.8203535375202
South Korea,2005,18.153903507472,19.108689874299,23.995767580693,1.0143035072708,1.9690898740976,17.139600000201,4.3085336840837,1.769442455983
South Korea,2006,18.715471673862,19.900384751037,26.126959426324,1.1619515729348,2.3468646501092,17.553520100927,5.2643357074392,2.7166708814774
South Korea,2007,18.809021936883,21.303146919376,25.48166382308,1.1849502525823,3.6790752350752,17.624071684301,5.7995484150322,2.7466973452874
South Korea,2008,19.101806782181,20.682843312597,24.763650120464,1.1933717708853,2.774408301301,17.908435011296,3.0129848728117,0.69002119466598
South Korea,2009,19.53893823991,19.778294588711,27.570979938428,0.91762608750508,1.1569824363059,18.621312152405,0.79269898951819,1.8786328717273
South Korea,2010,17.860590033696,19.467035003982,27.09755598603,0.97042140106688,2.5768663713531,16.890168632629,6.8048249178367,1.3656510567765
South Korea,2011,18.284893844347,20.005651068149,27.806624120507,1.0055453781256,2.7263026019282,17.279348466221,3.6880384004317,-0.13167976769423
South Korea,2012,18.822614146146,20.453199799212,28.251964993616,0.94631787707385,2.5769035301398,17.876296269072,2.5476592352754,1.0577056973335
South Korea,2013,19.016280781528,19.805745369598,29.536491603329,0.85210232026329,1.6415669083334,18.164178461265,3.2913959543442,1.6983563936925
South Korea,2014,18.846497691037,19.419466082322,30.699094675764,0.85792678699247,1.4308951782769,17.988570904045,3.2146744241169,1.5651145184868
South Korea,2015,18.799776651333,19.296624034339,31.968501403972,0.80745598514685,1.3043033681531,17.992320666186,2.920298429262,1.2704194075442
South Korea,2016,18.506879196782,20.069977166179,32.290858861015,0.76180022492855,2.3248981943252,17.745078971853,3.1715274898394,0.56020532925446
South Korea,2017,18.637456411037,20.714092540721,32.436614827193,0.72255997581265,2.7991961054969,17.914896435224,3.433191763972,0.058730502136403
South Korea,2018,19.278121407217,21.702217855672,32.476743851168,0.71186750445173,3.135963952907,18.566253902765,3.1761156817733,0.83299182247357
South Korea,2019,21.267970806348,21.61860395278,34.254726674479,0.67808677109409,1.028719917526,20.589884035254,2.3137971703701,1.2080804230586
South Korea,2020,23.659941822714,21.55458825516,39.796613654067,0.70207600162179,-1.4032775659319,22.957865821092,-0.70023270338584,0.69709886992151
South Korea,2021,24.096938088935,24.07830549621,42.265381227798,0.6944916385115,0.6758590457862,23.402446450424,4.6129628724605,-0.78393310916632
South Korea,2022,26.68021928912,25.188469742099,44.470618257353,0.79529852527013,-0.69645102175058,25.88492076385,2.7275645670899,-1.7788829206288
South Korea,2023,23.155482861952,22.484148897209,45.498285141522,0.93128846895626,0.25995450421356,22.224194392995,1.4041260779233,-0.14795625029012
Turkey,2005,32.112275602934,31.363320832551,50.195960947313,6.8402787925228,6.0913240221393,25.271996810412,8.9923050212622,8.1979216808142
Turkey,2006,33.561370368701,33.342892765391,44.225429540931,5.8807218197523,5.662244216442,27.680648548949,6.9479877738978,-1.1291445037198
Turkey,2007,32.893778148473,31.518028044042,37.758764806366,5.5872103553303,4.2114602509001,27.306567793142,5.0435080878631,0.0628327752607
Turkey,2008,33.694740765176,31.551113117282,37.748147608598,5.1489591860931,3.0053315381991,28.545781579083,0.81502459184355,-0.91347612415151
Turkey,2009,37.228078946017,32.049873907359,43.212032189115,5.4338026952873,0.25559765662984,31.794276250729,-4.8231540547685,3.1990233690937
Turkey,2010,35.477900637464,32.462759168291,39.510664574547,4.2542156094856,1.2390741403128,31.223685027978,8.4271044370896,0.98378051357116
Turkey,2011,32.811804760425,32.457669271438,35.911814701969,3.1012161952479,2.7470807062613,29.710588565177,11.20011055989,3.0335568367857
Turkey,2012,34.134114338244,32.347578031999,32.226663739028,3.1527610466618,1.3662247404174,30.981353291582,4.7884926522068,-0.19014704022063
Turkey,2013,33.701655262027,32.490118199734,30.892429537581,2.8189511211116,1.6074140588186,30.882704140915,8.485817022794,0.57390969452317
Turkey,2014,32.619678702467,31.652791584115,28.277318156118,2.5148785012105,1.5479913828588,30.104800201256,4.9397151327257,0.55510856125706
Turkey,2015,32.468939211243,31.956541243212,27.162608829704,2.3350711932268,1.822673225196,30.133868018016,6.0844870032546,1.6409645333594
Turkey,2016,33.800213679386,32.121423246487,27.746637338975,1.9990085357739,0.32021810287484,31.801205143612,3.3230841674373,2.4262204283901
Turkey,2017,32.61051345507,30.732779129066,27.777062791497,1.9163196976348,0.038585371631569,30.694193757435,7.5019974373353,-0.021537646576272
Turkey,2018,34.293766592684,31.159508295099,29.859547049559,2.1042151890809,-1.0300431085041,32.189551403603,3.0131704995354,-0.50314118972981
Turkey,2019,35.514718383822,30.732729877802,32.389823968671,2.4864108998668,-2.295577606154,33.028307483956,0.81851445782521,0.44456054181889
Turkey,2020,34.673810511074,29.952654181612,39.445819404202,2.803791354727,-1.9173649747348,31.870019156347,1.8598730396596,0.096558426758492
Turkey,2021,31.283234737784,28.2343072205,40.383816978746,2.6107384445883,-0.43818907269558,28.672496293195,11.439395708649,-2.6506292375172
Turkey,2022,27.33213965391,26.213463759151,30.802378100234,2.1461032259765,1.0274273312169,25.186036427934,5.5334278141493,-54.808029537508
Turkey,2023,33.180196316131,27.875580302468,29.263777649197,2.6173102161577,-2.6873057975045,30.562886099973,5.111168200951,-28.009849532312
United Kingdom,2005,44.09220123291,40.671798706055,41.000422520409,2.0984001159668,-1.3220024108887,41.993801116943,2.6683376676321,2.3563895693832
United Kingdom,2006,44.178600311279,41.454200744629,42.05828925612,2.0550999641418,-0.66929960250854,42.123500347137,2.1604052784817,2.1737875343258
United Kingdom,2007,43.883499145508,41.142601013184,43.173897815474,2.2205200195312,-0.52037811279297,41.662979125977,2.5634605168672,2.6888250431797
United Kingdom,2008,47.831100463867,42.853199005127,50.827371987952,2.2654099464417,-2.7124915122986,45.565690517426,-0.15434436440054,0.98891780019354
United Kingdom,2009,51.458801269531,40.0625,64.915011731648,1.8798999786377,-9.5164012908936,49.578901290894,-4.5104855729527,1.4821795488989
United Kingdom,2010,50.562698364258,40.281299591064,75.860229659825,2.8853900432587,-7.3960087299347,47.677308320999,2.430072889083,0.32599509089505
United Kingdom,2011,43.510847533066,36.090677797894,81.425065710728,3.2636428704612,-4.1565268647112,40.247204662605,1.1383623897443,-1.3286932940695
United Kingdom,2012,43.557242598682,36.061713878912,84.482600665805,2.950665659109,-4.5448630606606,40.606576939573,1.5089983635021,-0.91157543242706
United Kingdom,2013,41.844859071238,36.463131279959,85.316058901031,2.8966615975089,-2.4850661937698,38.948197473729,1.7999214739683,-0.17396548819864
United Kingdom,2014,41.187341410588,35.611329632959,87.094325197019,2.718959427956,-2.8570523496736,38.468381982632,3.1946373267909,1.1064685911658
United Kingdom,2015,40.426861944292,35.805246259884,87.866686912423,2.372197358555,-2.2494183258533,38.054664585737,2.2228884453011,1.8615672935844
United Kingdom,2016,39.634221962247,36.295725392829,87.825189730097,2.4932154073643,-0.84528116205454,37.141006554883,1.9217100770593,0.64450054972142
United Kingdom,2017,39.156929087502,36.652417643946,86.722814410881,2.732940788924,0.22842934536769,36.423988298578,2.6565048688978,-1.4481313740924
United Kingdom,2018,38.872343312097,36.598965573636,86.345144552071,2.5147934492525,0.24141571079172,36.357549862845,1.4051902658774,-1.0188895233549
United Kingdom,2019,38.734359899029,36.252938219391,85.657191995599,2.194661315239,-0.28676036439961,36.539698583791,1.6244751907221,-0.85435392003879
United Kingdom,2020,49.956405699872,36.811702098326,105.84011493302,2.0070967907559,-11.137606810789,47.949308909116,-10.296918858076,-0.47732069486856
United Kingdom,2021,45.856567778069,37.996893322832,105.13546862694,2.8230944254835,-5.0365800297541,43.033473352586,8.5759508784514,-1.8007219500715
United Kingdom,2022,44.062288733342,39.359324706661,99.619660643406,4.3067128768364,-0.39625114984481,39.755575856506,4.8390851579893,-6.6175788880373
United Kingdom,2023,44.171595229316,38.207754402618,100.0311761382,3.0773936601411,-2.886447166556,41.094201569174,0.33996614983684,-3.2467118489853
United States,2005,33.927917356893,30.852920424566,65.452888214001,2.7038928768636,-0.37110405546359,31.224024480029,3.4832383369764,0.92417001191059
United States,2006,33.691703581459,31.65565013463,64.189293262689,2.7752902515996,0.73923680477144,30.916413329859,2.7828202332019,1.5695772163423
United States,2007,34.561714769332,31.648707186901,64.584582966302,2.9326977218163,0.019690139385528,31.629017047515,2.0106523112381,1.7586163710534
United States,2008,37.144082370505,30.53160323226,73.431314468326,2.7761893316452,-3.8362898065993,34.36789303886,0.12224880191374,-0.14828673207063
United States,2009,41.398656932391,28.221832360021,86.598360967119,2.574138091801,-10.602686480569,38.82451884059,-2.5998890875936,3.5770242592966
United States,2010,39.762625029279,28.770098960228,95.162095757352,2.6780760815936,-8.3144499874576,37.084548947686,2.7088313908747,1.5775971165389
United States,2011,38.795914671573,29.080410071331,99.498388593389,2.879480247248,-6.8360243529934,35.916434424325,1.5641960657603,-0.35381894412028
United States,2012,37.222730474746,29.108961206353,103.06541486839,2.7263895853008,-5.3873796830924,34.496340889445,2.2892671999249,-0.27069097350349
United States,2013,35.782319131196,31.221606955883,104.34312016552,2.4844089469171,-2.0763032283958,33.297910184279,2.1177822909485,0.88486178235732
United States,2014,35.3239371029,31.297932062613,104.24226883896,2.4737330067795,-1.5522720335073,32.85020409612,2.523695169175,0.92537004533496
United States,2015,35.030948346543,31.501437551244,104.66091828368,2.3407488384805,-1.1887619568188,32.690199508062,2.9455089066188,2.0146961007962
United States,2016,35.333067445187,30.976702880632,106.58155587108,2.4898085073571,-1.8665560571979,32.84325893783,1.8195865869487,0.57430612326709
United States,2017,35.19407406652,30.399880685903,105.5290815364,2.5217187348627,-2.2724746457544,32.672355331658,2.4575957955613,0.19855504997275
United States,2018,35.349343609344,30.014477265658,106.84737147221,2.7690765992828,-2.5657897444028,32.580267010061,2.9666634373678,0.47100048547452
United States,2019,35.810775082144,30.010675499855,108.00391365357,2.8179837720332,-2.9821158102551,32.992791310111,2.5835740204047,0.33090804475284
United States,2020,44.568054181569,30.646256870745,131.8314798663,2.5346484578507,-11.387148852973,42.033405723718,-2.1629782314337,-0.35502209242795
United States,2021,42.599355817437,31.576152788027,124.52412095261,2.6826667173398,-8.3405363120707,39.916689100097,6.0551151284749,-3.2396889706685
United States,2022,36.308406615167,32.38467099116,118.61722850474,3.1650023647571,-0.75873325925045,33.14340425041,2.5124681318272,-5.0400235525799
United States,2023,36.278671605606,29.210559969121,118.72533170194,3.8553091091973,-3.212802527288,32.423362496409,2.8873579806534,-0.17076962787736
